No.,用紙,参加地区,事業所・所属,Q2①内容の分かりやすさ,Q2②実践への活用,Q2③講師の説明,Q2④時間・進め方,Q2⑤配布資料,Q3 今後参加したい研修,Q4 研修で感じたこと,Q5 発達・行動面,Q5 保護者対応,Q5 関係機関連携,Q5 スタッフ間共有,Q5 人材育成,Q5 その他,Q5 具体的に困っているケース,備考
1,f_01,田川,放課後等デイサービス／児童発達支援事業所,5,5,5,5,5,参加したいです。,,,,,,,,,
2,f_02,無記入,学校教育,5,5,5,5,5,,自閉症で特性？と思っていたのが、愛着障害にあてはまり新たな知識が増え感謝,○,,,,,,,
3,r_01,直方,児童発達支援事業所,5,5,5,3,5,ワークショップ型の研修があったら参加したいです。,とても楽しい研修で、あっという間に終わってしまいました。もっと聞きたかったです。支援者である私達が楽しみながら支援していけるよう、つとめていきたいと思います。,○,○,○,○,○,,,
4,r_02,無記入,児童発達支援事業所,5,5,5,5,5,愛着についての障がいをまた受けたいです。実例なども気になります,愛着について学びました。安心できる大人が1人でも という言葉が印象に深かったです,,○,,,,,,
5,r_03,無記入,放課後等デイサービス,5,5,5,5,5,集団で出来るレクレーションを知りたいです。,日々の支援の中で専門性を持って子どもたちと関わることが大切だと感じました。,○,○,○,,,,,
6,r_04,無記入,放課後等デイサービス,5,5,5,5,5,自閉症の子との関わり方.,今の事業所で、あてはまる利用児がたくさんいたので、研修のヒントをたどりながら、支援していきたいと思いました。,○,,,,,,,
7,r_05,直方,その他（基幹相談支援センター）,5,5,5,5,5,,,,,○,,○,,,
8,r_06,田川,放課後等デイサービス,5,5,5,5,5,,現場でアタッチメント障害の話しをきいて、顔が思い浮かんだりしたので、対応策を身に付けたいなと思いました。,,,,,,,,
9,r_07,田川,放課後等デイサービス,5,5,5,5,4,,とてもわかりやすく良かったです。ありがとうございました。支援場面がかわっても基本は同じと実感しました。,,,,,,,,
10,r_08,田川,放課後等デイサービス／児童発達支援事業所,5,5,5,5,5,,愛着はわがままではない。アタッチメント障害の子ども達は困っている。そう思いながら子ども達と関わっていこうと思います。,○,○,,,,,,
11,r_09,（嘉麻市と記入）,保育所・認定こども園,5,5,5,5,5,,嘉麻市の保育所型認定こども園の園長をしていますが、今日は友人から誘われて参加致しました。園にもたくさんの発達障害(かも？)、愛着障害の子がいます。その子たちがすごしやすい園にするためには関わる大人の行動を変えなくてはいけない。でもどう関わったらいいのかがわからないので参考よかったです,,,,,,,,
12,r_10,田川,その他（記載なし）,4,5,4,3,3,,（記入後に塗りつぶし・判読不可）,,,,,,○,,
13,r_11,直方,放課後等デイサービス,5,5,5,5,5,,子ども達との関わりの中で、子どもからの攻撃的な言葉だったり、行動だったりに対し、感情的になってしまいそうになる場面があったなとふり返り、冷静に対応できるよう、今日の研修で学んだことを活かしたいと思いました。,○,○,,,,,,
14,r_12,直方,放課後等デイサービス,5,5,5,5,5,思春期の子ども、保護者対応について。,事業所で関わっている子どもが当てはまる行動をしているなーと研修を受けながら思いました。自分の子育てと日々の業務と活かしていきたいです。,,○,○,,,,（記入後に塗りつぶし・判読不可）,
15,r_13,直方,その他（相談支援事業所）,5,5,5,5,5,,何度聞いても坂口先生の講演は最高です。日々の支援を振りかえるよい機会となります。,,,,,○,,,
16,r_14,直方,放課後等デイサービス,5,5,5,5,5,発達障害児への性教育　ヤングケアラー,ありがとうございました。,○,○,,,,,,
17,r_15,直方,放課後等デイサービス,5,5,5,5,5,災害時の児童への支援に関する事例が知りたいです。,日々の業務を振り返ったり、定期的に学んだりすることが大切だと思いました。,○,○,,,,,感情の起伏が激しい児童への対応。ありがとうございました。,
18,r_16,田川,その他（相談支援）,5,4,5,5,5,障害のない大人や子どもに対する関わり方,とても勉強になりました。,,○,○,,,,,
19,r_17,田川,無記入,5,4,5,5,3,,愛着障害に対する考え方が違っていたと思い、勉強になりました。対応については、一層に身につけていきたいと思います。,,,,,,,,
20,r_18,直方,その他（基幹相談支援センター）,5,4,5,5,4,,今まで愛着について深く学ぶ機会が個人的になかったので参考になりました,,,○,,,,不登校の児童・生徒を放デイにつなぐケースが増えていると感じる。教育・療育で本来の目的や役割があるようで判断に迷うことが多い。放デイでの支援が本人のためなのか分からない,
21,r_19,直方,その他（基幹ce.）,5,5,5,5,4,,具体的な対応も教えてもらい、良かった。,,,○,,○,,,
22,r_20,田川,放課後等デイサービス,5,5,5,5,5,今日の研修わかりやすかったので、同じような話聞きたいです。,とてもわかりやすかったです。また次回あったら参加したいです。,,○,,,,,,
23,r_21,無記入,放課後等デイサービス,5,5,5,5,5,,お話を聞きながら施設の児童さんの顔が浮かび「なるほど」と思いながら聞けました。,○,,,,,,,
24,r_22,田川,放課後等デイサービス,5,5,5,5,5,保護者（特に父親）との関わり方。,自身のコントロール（感情等）のヒントになりました。実体験を前に出しお話しをして下さり、ありがとうございました。研修の内容にスムーズに入っていく事が出来・理解も深まりました。,○,○,,,,,土曜日・祭日等、家族の誰かが居ても、嫌がって（通所）いるのに気付いていても通所させる。通所後（車中も含む）落ち付けず大きな声を出したり、拳で壁やドア等を強く殴る。髪をムシル等の行為をしてしまいます。気持ちを伝える事がうまくできない児童さんでは有りますが、たまには、ゆっくりと、お家でくつろぎ好みのことをしたい日も有るのでは、と私達職員の間でいつも課題の一つとして上がっています。気分にムラの多い叔母さんも同居しております。ご意見やどう対応するべきか考えを聞けたらと思います。,
25,r_23,田川,放課後等デイサービス,5,4,5,4,4,,,○,,,,,,,
26,r_24,無記入,放課後等デイサービス,4,5,5,4,4,,自分の子供の頃の親との関係が浮かんできました。,○,,,○,,,,
27,r_25,無記入,放課後等デイサービス,5,5,5,5,5,同じ内容 する形で。（一部判読困難）,これからの支援に活かせたい.,,,,,,,,
28,r_26,直方,放課後等デイサービス,5,5,5,5,5,支援員としてどこまで関わるべきなのか？　支援員としての研修があればいいなと思います。,「待つ」と言う言葉は大事だと思いました。「待ってるよ」と言われると安心する事ができ、心が安定していくものだと感じ、今日の研修は楽しく参加させて頂きました。ありがとうございました。,○,○,○,○,○,○,・パーソナルスペースが全ったくない職員　・報・連・相が難しい。,
29,r_27,直方,放課後等デイサービス,5,5,5,5,5,,愛着障害による試し行動には、様々な意図が含まれていることを知ることができました。また、対応するにあたりどのように行動していけば良いのか、分かりやすく講義して頂き、とても役立つ研修となりました。,○,○,,○,,,,
30,r_28,直方,放課後等デイサービス,5,5,4,3,4,保護者支援など,愛着について改めて考えることができました。,○,,,,○,,,
31,r_29,直方,その他（記載なし）,5,5,5,5,3,,研修参加2回目です。次回も必ず参加します。,,,,○,,,他責思考の中で生き苦しさを感じている方が気になります。本人は他責と思ってないので気になります,
32,r_30,田川,放課後等デイサービス,5,5,5,5,5,そのこどもにどうたいおうしているのか、色々な（具体的な）支援方法を知りたい。,,,,,,,,,
33,r_31,田川,放課後等デイサービス,5,5,5,5,5,愛着について。,出来る事から少しづつ支援して行こうと思いました。ありがとうございました。,○,○,,,,,,
34,r_32,直方,無記入,5,5,5,5,5,今日の…と対応方法（一部判読困難）,こどもの視点での話がわかりやすかった,,○,○,,,,保護者と学校のトラブル　それぞれの主張が交わらない。,
35,r_33,無記入,放課後等デイサービス,5,5,5,5,5,,親しみやすく、内容が素直に入ってきた！とても良い研修会でした,,○,○,,,,,
36,r_34,田川,放課後等デイサービス,5,5,5,5,5,アタッチメントについて続きの研修があったらいいです。継続的に…。,坂口先生の研修は昨年につづきわかりやすく、対象児童の気持ち、かかわり方など今回の研修で学んだことをどんどん取り入れて行こうと思いました。,○,○,○,,,,,
37,r_35,（飯塚市、桂川町と記入）,放課後等デイサービス,5,5,5,4,5,,とてもためになりました。自分を振り返る場面がたくさんありました。視点をもち、声かけをふりかえり、関わっていきたいと思います。すごくわかりやすく、また参加したいです。（※Q2④欄外に「もっとききたいです」）,,,,,,,,
38,r_36,田川,児童発達支援事業所,5,5,5,5,5,子どもだけではなく大人の発達障害,とても楽しくわかりやすく話をきけてよかったです。仕事でも家庭でも役立てていきたいです。,○,○,,,,,,
39,r_37,無記入,放課後等デイサービス,5,5,5,5,5,かんしゃくを行こす（起こす）原因と、対応があればいいと思います。,愛着障害などで、職員にべったりしたりする子供への対応など、勉強になり、これからの毎日に実践していきたい,○,,,,,,,
40,r_38,無記入,放課後等デイサービス,5,5,5,5,5,,支援のプロとして冷静さ、落ち着きが大切だと学びを得たと感じました。日々の支援にとても役立ちそうなことばかりでしたので、活用していきたいと思います。,○,○,,,,,,
41,r_39,田川,その他（記載なし）,5,5,5,5,5,保護者へのアプローチについてもっと深く知りたいです（障害受容）。また、家庭内での親と子のかかわり方についても知りたいです。,愛着障害の内容から具体的なアプローチの方法までお話しいただいたため、大変参考になりました。事業所では先生方に尽力していただいているのですが、家庭では孤立していることもあり、家庭へのアプローチも大切だと感じました。,,○,,,,,,
42,r_40,田川,その他（相談支援事業所）,5,5,5,5,5,不登校・ひきこもりの子・家庭への支援。,私たちが支援できたとしても、結局その子の家庭（保護者）へのアプローチが難しく、改善できないケースが多くモヤモヤすることがあるなーと思いました。,,○,○,,,,,Q2⑤欄外に「もらってない。先生が出してたスライドがほしかったんです！」
43,r_41,直方,無記入,5,5,5,5,5,虐待について。子どもへの支援・保護者への支援。事業所内でのスタッフとの関わり方,説明がとても分かりやすかった。現場に戻り、スタッフと共有することでよりよい支援ができるようにしたい。,,○,○,○,,,,
44,r_42,無記入,放課後等デイサービス／児童発達支援事業所,5,4,5,5,5,,この研修を悩んでいる親ごさん達がきくと愛着障害の子供たちがへるのではと思います。自分自身も感情豊かに子供と関わっていこうと思いました。,,,,,,,,
45,r_43,田川,放課後等デイサービス,5,5,5,5,5,,愛着についてまだまだ知らない事が沢山あったので、また研修でお話しを聞けたらと思います。,,,○,,,,,
46,r_44,無記入,放課後等デイサービス,5,5,5,5,5,,とても学びになりました。今後、子どもたちと関わる中で活かせると感じました。,,,,,,,,
